<metadata xml:lang="es"><Esri><CreaDate>20250211</CreaDate><CreaTime>15084500</CreaTime><ArcGISFormat>1.0</ArcGISFormat><SyncOnce>FALSE</SyncOnce><DataProperties><lineage><Process ToolSource="c:\program files\arcgis\pro\Resources\ArcToolbox\toolboxes\Data Management Tools.tbx\CreateFeatureclass" Date="20250211" Time="150845">CreateFeatureclass D:\A2025\Proyecto_MallasHexagonales hexa Polygon GenerateTessellationPorcion_Datos No No "GEOGCS['WGS84(DD)',DATUM['WGS84',SPHEROID['WGS84',6378137.0,298.257223563]],PRIMEM['Greenwich',0.0],UNIT['degree',0.0174532925199433]];-400 -400 1111948722.22222;-100000 10000;-100000 10000;8.98315284119521E-09;0.001;0.001;IsHighPrecision" # 0 0 0 #</Process><Process ToolSource="c:\program files\arcgis\pro\Resources\ArcToolbox\toolboxes\Data Management Tools.tbx\DeleteField" Date="20250212" Time="091858">DeleteField hexa Join_Count</Process><Process ToolSource="c:\program files\arcgis\pro\Resources\ArcToolbox\toolboxes\Data Management Tools.tbx\DeleteField" Date="20250212" Time="091905">DeleteField hexa TARGET_FID</Process><Process ToolSource="c:\program files\arcgis\pro\Resources\ArcToolbox\toolboxes\Data Management Tools.tbx\DeleteField" Date="20250212" Time="091911">DeleteField hexa GRID_ID</Process><Process ToolSource="c:\program files\arcgis\pro\Resources\ArcToolbox\toolboxes\Data Management Tools.tbx\DeleteField" Date="20250212" Time="092739">DeleteField hexa ID;CODIGO;POBTOT;P_0A2;POB0_14;P15A29A;P30A59A;P_3A5;P_6A11;P_12A14;P_15A17;P_18A24;P_60YMAS;REL_H_M;PNACOE;PNACOP;PRESOE15;PRESOP2015;P3YM_HLI;P3HLINHE;PHOG_IND;POB_AFRO;PCON_DISC;PCLIM_PMEN;P15YM_AN;GRAPROES;PEA;PE_INAC;POCUPADA;PDESOCUP;PSINDER;TVIVHAB;TVIVPARHAB;VIVNOHAB;PROM_OCUP;VPH_PISOTI;VPH_S_ELEC;VPH_AGUAFV;VPH_NODREN;VPH_NDEAED;VPH_SINLTC;VPH_SINCIN;ORIG_FID</Process><Process ToolSource="c:\program files\arcgis\pro\Resources\ArcToolbox\toolboxes\Analysis Tools.tbx\SpatialJoin" Date="20250212" Time="093248">SpatialJoin hexa CPV_9_cdmex_Porcion_FTp C:\Users\Claudia.gamez\Documents\ArcGIS\Projects\MallaHexa_n9\MallaHexa_n9.gdb\hexa_datos_2 "Join one to one" KEEP_ALL "Shape_Leng "Shape_Leng" true true false 19 Double 0 0,First,#,hexa,Shape_Leng,-1,-1;Shape_Area "Shape_Area" true true false 19 Double 0 0,First,#,hexa,Shape_Area,-1,-1;ID "ID" true true false 4 Long 0 0,First,#,CPV_9_cdmex_Porcion_FTp,ID,-1,-1;CODIGO "CODIGO" true true false 10 Text 0 0,First,#,CPV_9_cdmex_Porcion_FTp,CODIGO,0,10;POBTOT "POBTOT" true true false 4 Long 0 0,First,#,CPV_9_cdmex_Porcion_FTp,POBTOT,-1,-1;P_0A2 "P_0A2" true true false 4 Long 0 0,First,#,CPV_9_cdmex_Porcion_FTp,P_0A2,-1,-1;POB0_14 "POB0_14" true true false 4 Long 0 0,First,#,CPV_9_cdmex_Porcion_FTp,POB0_14,-1,-1;P15A29A "P15A29A" true true false 4 Long 0 0,First,#,CPV_9_cdmex_Porcion_FTp,P15A29A,-1,-1;P30A59A "P30A59A" true true false 4 Long 0 0,First,#,CPV_9_cdmex_Porcion_FTp,P30A59A,-1,-1;P_3A5 "P_3A5" true true false 4 Long 0 0,First,#,CPV_9_cdmex_Porcion_FTp,P_3A5,-1,-1;P_6A11 "P_6A11" true true false 4 Long 0 0,First,#,CPV_9_cdmex_Porcion_FTp,P_6A11,-1,-1;P_12A14 "P_12A14" true true false 4 Long 0 0,First,#,CPV_9_cdmex_Porcion_FTp,P_12A14,-1,-1;P_15A17 "P_15A17" true true false 4 Long 0 0,First,#,CPV_9_cdmex_Porcion_FTp,P_15A17,-1,-1;P_18A24 "P_18A24" true true false 4 Long 0 0,First,#,CPV_9_cdmex_Porcion_FTp,P_18A24,-1,-1;P_60YMAS "P_60YMAS" true true false 4 Long 0 0,First,#,CPV_9_cdmex_Porcion_FTp,P_60YMAS,-1,-1;REL_H_M "REL_H_M" true true false 8 Double 0 0,First,#,CPV_9_cdmex_Porcion_FTp,REL_H_M,-1,-1;PNACOE "PNACOE" true true false 4 Long 0 0,First,#,CPV_9_cdmex_Porcion_FTp,PNACOE,-1,-1;PNACOP "PNACOP" true true false 4 Long 0 0,First,#,CPV_9_cdmex_Porcion_FTp,PNACOP,-1,-1;PRESOE15 "PRESOE15" true true false 4 Long 0 0,First,#,CPV_9_cdmex_Porcion_FTp,PRESOE15,-1,-1;PRESOP2015 "PRESOP2015" true true false 4 Long 0 0,First,#,CPV_9_cdmex_Porcion_FTp,PRESOP2015,-1,-1;P3YM_HLI "P3YM_HLI" true true false 4 Long 0 0,First,#,CPV_9_cdmex_Porcion_FTp,P3YM_HLI,-1,-1;P3HLINHE "P3HLINHE" true true false 4 Long 0 0,First,#,CPV_9_cdmex_Porcion_FTp,P3HLINHE,-1,-1;PHOG_IND "PHOG_IND" true true false 4 Long 0 0,First,#,CPV_9_cdmex_Porcion_FTp,PHOG_IND,-1,-1;POB_AFRO "POB_AFRO" true true false 4 Long 0 0,First,#,CPV_9_cdmex_Porcion_FTp,POB_AFRO,-1,-1;PCON_DISC "PCON_DISC" true true false 4 Long 0 0,First,#,CPV_9_cdmex_Porcion_FTp,PCON_DISC,-1,-1;PCLIM_PMEN "PCLIM_PMEN" true true false 4 Long 0 0,First,#,CPV_9_cdmex_Porcion_FTp,PCLIM_PMEN,-1,-1;P15YM_AN "P15YM_AN" true true false 4 Long 0 0,First,#,CPV_9_cdmex_Porcion_FTp,P15YM_AN,-1,-1;GRAPROES "GRAPROES" true true false 8 Double 0 0,First,#,CPV_9_cdmex_Porcion_FTp,GRAPROES,-1,-1;PEA "PEA" true true false 4 Long 0 0,First,#,CPV_9_cdmex_Porcion_FTp,PEA,-1,-1;PE_INAC "PE_INAC" true true false 4 Long 0 0,First,#,CPV_9_cdmex_Porcion_FTp,PE_INAC,-1,-1;POCUPADA "POCUPADA" true true false 4 Long 0 0,First,#,CPV_9_cdmex_Porcion_FTp,POCUPADA,-1,-1;PDESOCUP "PDESOCUP" true true false 4 Long 0 0,First,#,CPV_9_cdmex_Porcion_FTp,PDESOCUP,-1,-1;PSINDER "PSINDER" true true false 4 Long 0 0,First,#,CPV_9_cdmex_Porcion_FTp,PSINDER,-1,-1;TVIVHAB "TVIVHAB" true true false 4 Long 0 0,First,#,CPV_9_cdmex_Porcion_FTp,TVIVHAB,-1,-1;TVIVPARHAB "TVIVPARHAB" true true false 4 Long 0 0,First,#,CPV_9_cdmex_Porcion_FTp,TVIVPARHAB,-1,-1;VIVNOHAB "VIVNOHAB" true true false 4 Long 0 0,First,#,CPV_9_cdmex_Porcion_FTp,VIVNOHAB,-1,-1;PROM_OCUP "PROM_OCUP" true true false 8 Double 0 0,First,#,CPV_9_cdmex_Porcion_FTp,PROM_OCUP,-1,-1;VPH_PISOTI "VPH_PISOTI" true true false 4 Long 0 0,First,#,CPV_9_cdmex_Porcion_FTp,VPH_PISOTI,-1,-1;VPH_S_ELEC "VPH_S_ELEC" true true false 4 Long 0 0,First,#,CPV_9_cdmex_Porcion_FTp,VPH_S_ELEC,-1,-1;VPH_AGUAFV "VPH_AGUAFV" true true false 4 Long 0 0,First,#,CPV_9_cdmex_Porcion_FTp,VPH_AGUAFV,-1,-1;VPH_NODREN "VPH_NODREN" true true false 4 Long 0 0,First,#,CPV_9_cdmex_Porcion_FTp,VPH_NODREN,-1,-1;VPH_NDEAED "VPH_NDEAED" true true false 4 Long 0 0,First,#,CPV_9_cdmex_Porcion_FTp,VPH_NDEAED,-1,-1;VPH_SINLTC "VPH_SINLTC" true true false 4 Long 0 0,First,#,CPV_9_cdmex_Porcion_FTp,VPH_SINLTC,-1,-1;VPH_SINCIN "VPH_SINCIN" true true false 4 Long 0 0,First,#,CPV_9_cdmex_Porcion_FTp,VPH_SINCIN,-1,-1;ORIG_FID "ORIG_FID" true true false 4 Long 0 0,First,#,CPV_9_cdmex_Porcion_FTp,ORIG_FID,-1,-1" Intersect # #</Process><Process ToolSource="c:\program files\arcgis\pro\Resources\ArcToolbox\toolboxes\Data Management Tools.tbx\UpdateSchema" Date="20250212" Time="093517">UpdateSchema "CIMDATA=&lt;CIMStandardDataConnection xsi:type='typens:CIMStandardDataConnection' xmlns:xsi='http://www.w3.org/2001/XMLSchema-instance' xmlns:xs='http://www.w3.org/2001/XMLSchema' xmlns:typens='http://www.esri.com/schemas/ArcGIS/2.6.0'&gt;&lt;WorkspaceConnectionString&gt;DATABASE=C:\Users\Claudia.gamez\Documents\ArcGIS\Projects\MallaHexa_n9\MallaHexa_n9.gdb&lt;/WorkspaceConnectionString&gt;&lt;WorkspaceFactory&gt;FileGDB&lt;/WorkspaceFactory&gt;&lt;Dataset&gt;hexa_datos_2&lt;/Dataset&gt;&lt;DatasetType&gt;esriDTFeatureClass&lt;/DatasetType&gt;&lt;/CIMStandardDataConnection&gt;" &lt;operationSequence&gt;&lt;workflow&gt;&lt;AddField&gt;&lt;field_name&gt;Recuento&lt;/field_name&gt;&lt;field_type&gt;SHORT&lt;/field_type&gt;&lt;field_alias&gt;Recuento&lt;/field_alias&gt;&lt;field_is_nullable&gt;True&lt;/field_is_nullable&gt;&lt;field_is_required&gt;False&lt;/field_is_required&gt;&lt;/AddField&gt;&lt;/workflow&gt;&lt;/operationSequence&gt;</Process><Process ToolSource="c:\program files\arcgis\pro\Resources\ArcToolbox\toolboxes\Data Management Tools.tbx\CalculateField" Date="20250212" Time="093633">CalculateField hexa_datos_2 Recuento 1 "Python 3" # Text</Process><Process ToolSource="c:\program files\arcgis\pro\Resources\ArcToolbox\toolboxes\Data Management Tools.tbx\DeleteField" Date="20250212" Time="095106">DeleteField hexa_datos_2 Recuento</Process><Process ToolSource="c:\program files\arcgis\pro\Resources\ArcToolbox\toolboxes\Data Management Tools.tbx\FeatureToLine" Date="20250212" Time="131801">FeatureToLine hexa_datos_2 C:\Users\Claudia.gamez\Documents\ArcGIS\Projects\MallaHexa_n9\MallaHexa_n9.gdb\hexa_datos_2_FToL # ATTRIBUTES</Process><Process ToolSource="c:\program files\arcgis\pro\Resources\ArcToolbox\toolboxes\Data Management Tools.tbx\FeatureToPolygon" Date="20250212" Time="132259">FeatureToPolygon hexa_datos_2_FToL C:\Users\Claudia.gamez\Documents\ArcGIS\Projects\MallaHexa_n9\MallaHexa_n9.gdb\hexa_datos_2_FToPoly # ATTRIBUTES #</Process><Process ToolSource="c:\program files\arcgis\pro\Resources\ArcToolbox\toolboxes\Data Management Tools.tbx\FeatureToPolygon" Date="20250213" Time="141237">FeatureToPolygon hexa_datos_2_FToPoly C:\Users\Claudia.gamez\Documents\ArcGIS\Projects\MallaHexa_n9\MallaHexa_n9.gdb\hexa_datos_2_FToPoly_2 # ATTRIBUTES #</Process><Process ToolSource="c:\program files\arcgis\pro\Resources\ArcToolbox\toolboxes\Conversion Tools.tbx\FeatureClassToFeatureClass" Date="20250220" Time="141841">FeatureClassToFeatureClass hexa_datos_2_FToPoly_2 C:\Users\Claudia.gamez\Documents\ArcGIS\Projects\MallaHexa_n9\Malla_9n_Datos.gdb Hexa_SinDatos9n # "FID_hexa_datos_2_FToPoly "FID_hexa_datos_2_FToPoly" true true false 4 Long 0 0,First,#,hexa_datos_2_FToPoly_2,FID_hexa_datos_2_FToPoly,-1,-1;Shape_Length "Shape_Length" false true true 8 Double 0 0,First,#,hexa_datos_2_FToPoly_2,Shape_Length,-1,-1;Shape_Area "Shape_Area" false true true 8 Double 0 0,First,#,hexa_datos_2_FToPoly_2,Shape_Area,-1,-1" #</Process><Process ToolSource="c:\program files\arcgis\pro\Resources\ArcToolbox\toolboxes\Data Management Tools.tbx\DeleteField" Date="20250221" Time="090303">DeleteField Hexa_SinDatos9n FID_hexa_datos_2_FToPoly</Process><Process ToolSource="c:\program files\arcgis\pro\Resources\ArcToolbox\toolboxes\Analysis Tools.tbx\SpatialJoin" Date="20250221" Time="135412">SpatialJoin Hexa_SinDatos9n CPV_9_cdmex_FToPoint C:\Users\Claudia.gamez\Documents\ArcGIS\Projects\MallaHexa_n9\Malla_9n_Datos.gdb\Hexa_ConDatos9n_SJ_COMPLETO_1 "Join one to many" KEEP_ALL "Shape_Length "Shape_Length" false true true 8 Double 0 0,First,#,Hexa_SinDatos9n,Shape_Length,-1,-1;Shape_Area "Shape_Area" false true true 8 Double 0 0,First,#,Hexa_SinDatos9n,Shape_Area,-1,-1;ID "ID" true true false 4 Long 0 0,First,#,CPV_9_cdmex_FToPoint,ID,-1,-1;CODIGO "CODIGO" true true false 10 Text 0 0,First,#,CPV_9_cdmex_FToPoint,CODIGO,0,10;POBTOT "POBTOT" true true false 4 Long 0 0,First,#,CPV_9_cdmex_FToPoint,POBTOT,-1,-1;P_0A2 "P_0A2" true true false 4 Long 0 0,First,#,CPV_9_cdmex_FToPoint,P_0A2,-1,-1;POB0_14 "POB0_14" true true false 4 Long 0 0,First,#,CPV_9_cdmex_FToPoint,POB0_14,-1,-1;P15A29A "P15A29A" true true false 4 Long 0 0,First,#,CPV_9_cdmex_FToPoint,P15A29A,-1,-1;P30A59A "P30A59A" true true false 4 Long 0 0,First,#,CPV_9_cdmex_FToPoint,P30A59A,-1,-1;P_3A5 "P_3A5" true true false 4 Long 0 0,First,#,CPV_9_cdmex_FToPoint,P_3A5,-1,-1;P_6A11 "P_6A11" true true false 4 Long 0 0,First,#,CPV_9_cdmex_FToPoint,P_6A11,-1,-1;P_12A14 "P_12A14" true true false 4 Long 0 0,First,#,CPV_9_cdmex_FToPoint,P_12A14,-1,-1;P_15A17 "P_15A17" true true false 4 Long 0 0,First,#,CPV_9_cdmex_FToPoint,P_15A17,-1,-1;P_18A24 "P_18A24" true true false 4 Long 0 0,First,#,CPV_9_cdmex_FToPoint,P_18A24,-1,-1;P_60YMAS "P_60YMAS" true true false 4 Long 0 0,First,#,CPV_9_cdmex_FToPoint,P_60YMAS,-1,-1;REL_H_M "REL_H_M" true true false 8 Double 0 0,First,#,CPV_9_cdmex_FToPoint,REL_H_M,-1,-1;PNACOE "PNACOE" true true false 4 Long 0 0,First,#,CPV_9_cdmex_FToPoint,PNACOE,-1,-1;PNACOP "PNACOP" true true false 4 Long 0 0,First,#,CPV_9_cdmex_FToPoint,PNACOP,-1,-1;PRESOE15 "PRESOE15" true true false 4 Long 0 0,First,#,CPV_9_cdmex_FToPoint,PRESOE15,-1,-1;PRESOP2015 "PRESOP2015" true true false 4 Long 0 0,First,#,CPV_9_cdmex_FToPoint,PRESOP2015,-1,-1;P3YM_HLI "P3YM_HLI" true true false 4 Long 0 0,First,#,CPV_9_cdmex_FToPoint,P3YM_HLI,-1,-1;P3HLINHE "P3HLINHE" true true false 4 Long 0 0,First,#,CPV_9_cdmex_FToPoint,P3HLINHE,-1,-1;PHOG_IND "PHOG_IND" true true false 4 Long 0 0,First,#,CPV_9_cdmex_FToPoint,PHOG_IND,-1,-1;POB_AFRO "POB_AFRO" true true false 4 Long 0 0,First,#,CPV_9_cdmex_FToPoint,POB_AFRO,-1,-1;PCON_DISC "PCON_DISC" true true false 4 Long 0 0,First,#,CPV_9_cdmex_FToPoint,PCON_DISC,-1,-1;PCLIM_PMEN "PCLIM_PMEN" true true false 4 Long 0 0,First,#,CPV_9_cdmex_FToPoint,PCLIM_PMEN,-1,-1;P15YM_AN "P15YM_AN" true true false 4 Long 0 0,First,#,CPV_9_cdmex_FToPoint,P15YM_AN,-1,-1;GRAPROES "GRAPROES" true true false 8 Double 0 0,First,#,CPV_9_cdmex_FToPoint,GRAPROES,-1,-1;PEA "PEA" true true false 4 Long 0 0,First,#,CPV_9_cdmex_FToPoint,PEA,-1,-1;PE_INAC "PE_INAC" true true false 4 Long 0 0,First,#,CPV_9_cdmex_FToPoint,PE_INAC,-1,-1;POCUPADA "POCUPADA" true true false 4 Long 0 0,First,#,CPV_9_cdmex_FToPoint,POCUPADA,-1,-1;PDESOCUP "PDESOCUP" true true false 4 Long 0 0,First,#,CPV_9_cdmex_FToPoint,PDESOCUP,-1,-1;PSINDER "PSINDER" true true false 4 Long 0 0,First,#,CPV_9_cdmex_FToPoint,PSINDER,-1,-1;TVIVHAB "TVIVHAB" true true false 4 Long 0 0,First,#,CPV_9_cdmex_FToPoint,TVIVHAB,-1,-1;TVIVPARHAB "TVIVPARHAB" true true false 4 Long 0 0,First,#,CPV_9_cdmex_FToPoint,TVIVPARHAB,-1,-1;VIVNOHAB "VIVNOHAB" true true false 4 Long 0 0,First,#,CPV_9_cdmex_FToPoint,VIVNOHAB,-1,-1;PROM_OCUP "PROM_OCUP" true true false 8 Double 0 0,First,#,CPV_9_cdmex_FToPoint,PROM_OCUP,-1,-1;VPH_PISOTI "VPH_PISOTI" true true false 4 Long 0 0,First,#,CPV_9_cdmex_FToPoint,VPH_PISOTI,-1,-1;VPH_S_ELEC "VPH_S_ELEC" true true false 4 Long 0 0,First,#,CPV_9_cdmex_FToPoint,VPH_S_ELEC,-1,-1;VPH_AGUAFV "VPH_AGUAFV" true true false 4 Long 0 0,First,#,CPV_9_cdmex_FToPoint,VPH_AGUAFV,-1,-1;VPH_NODREN "VPH_NODREN" true true false 4 Long 0 0,First,#,CPV_9_cdmex_FToPoint,VPH_NODREN,-1,-1;VPH_NDEAED "VPH_NDEAED" true true false 4 Long 0 0,First,#,CPV_9_cdmex_FToPoint,VPH_NDEAED,-1,-1;VPH_SINLTC "VPH_SINLTC" true true false 4 Long 0 0,First,#,CPV_9_cdmex_FToPoint,VPH_SINLTC,-1,-1;VPH_SINCIN "VPH_SINCIN" true true false 4 Long 0 0,First,#,CPV_9_cdmex_FToPoint,VPH_SINCIN,-1,-1;Num "Num" true true false 4 Long 0 0,First,#,CPV_9_cdmex_FToPoint,Num,-1,-1;ORIG_FID "ORIG_FID" true true false 4 Long 0 0,First,#,CPV_9_cdmex_FToPoint,ORIG_FID,-1,-1" Intersect # #</Process><Process ToolSource="c:\program files\arcgis\pro\Resources\ArcToolbox\toolboxes\Conversion Tools.tbx\FeatureClassToFeatureClass" Date="20250221" Time="145034">FeatureClassToFeatureClass Hexa_ConDatos9n_SJ_COMPLETO_1 D:\A2025\Proyecto_MallasHexagonales\CPV_9_cdmex\n9_Shape CPV_n9_CDMX_Datos.shp # "Join_Count "Join_Count" true true false 4 Long 0 0,First,#,Hexa_ConDatos9n_SJ_COMPLETO_1,Join_Count,-1,-1;TARGET_FID "TARGET_FID" true true false 4 Long 0 0,First,#,Hexa_ConDatos9n_SJ_COMPLETO_1,TARGET_FID,-1,-1;JOIN_FID "JOIN_FID" true true false 4 Long 0 0,First,#,Hexa_ConDatos9n_SJ_COMPLETO_1,JOIN_FID,-1,-1;ID "ID" true true false 4 Long 0 0,First,#,Hexa_ConDatos9n_SJ_COMPLETO_1,ID,-1,-1;CODIGO "CODIGO" true true false 10 Text 0 0,First,#,Hexa_ConDatos9n_SJ_COMPLETO_1,CODIGO,0,10;POBTOT "POBTOT" true true false 4 Long 0 0,First,#,Hexa_ConDatos9n_SJ_COMPLETO_1,POBTOT,-1,-1;P_0A2 "P_0A2" true true false 4 Long 0 0,First,#,Hexa_ConDatos9n_SJ_COMPLETO_1,P_0A2,-1,-1;POB0_14 "POB0_14" true true false 4 Long 0 0,First,#,Hexa_ConDatos9n_SJ_COMPLETO_1,POB0_14,-1,-1;P15A29A "P15A29A" true true false 4 Long 0 0,First,#,Hexa_ConDatos9n_SJ_COMPLETO_1,P15A29A,-1,-1;P30A59A "P30A59A" true true false 4 Long 0 0,First,#,Hexa_ConDatos9n_SJ_COMPLETO_1,P30A59A,-1,-1;P_3A5 "P_3A5" true true false 4 Long 0 0,First,#,Hexa_ConDatos9n_SJ_COMPLETO_1,P_3A5,-1,-1;P_6A11 "P_6A11" true true false 4 Long 0 0,First,#,Hexa_ConDatos9n_SJ_COMPLETO_1,P_6A11,-1,-1;P_12A14 "P_12A14" true true false 4 Long 0 0,First,#,Hexa_ConDatos9n_SJ_COMPLETO_1,P_12A14,-1,-1;P_15A17 "P_15A17" true true false 4 Long 0 0,First,#,Hexa_ConDatos9n_SJ_COMPLETO_1,P_15A17,-1,-1;P_18A24 "P_18A24" true true false 4 Long 0 0,First,#,Hexa_ConDatos9n_SJ_COMPLETO_1,P_18A24,-1,-1;P_60YMAS "P_60YMAS" true true false 4 Long 0 0,First,#,Hexa_ConDatos9n_SJ_COMPLETO_1,P_60YMAS,-1,-1;REL_H_M "REL_H_M" true true false 8 Double 0 0,First,#,Hexa_ConDatos9n_SJ_COMPLETO_1,REL_H_M,-1,-1;PNACOE "PNACOE" true true false 4 Long 0 0,First,#,Hexa_ConDatos9n_SJ_COMPLETO_1,PNACOE,-1,-1;PNACOP "PNACOP" true true false 4 Long 0 0,First,#,Hexa_ConDatos9n_SJ_COMPLETO_1,PNACOP,-1,-1;PRESOE15 "PRESOE15" true true false 4 Long 0 0,First,#,Hexa_ConDatos9n_SJ_COMPLETO_1,PRESOE15,-1,-1;PRESOP2015 "PRESOP2015" true true false 4 Long 0 0,First,#,Hexa_ConDatos9n_SJ_COMPLETO_1,PRESOP2015,-1,-1;P3YM_HLI "P3YM_HLI" true true false 4 Long 0 0,First,#,Hexa_ConDatos9n_SJ_COMPLETO_1,P3YM_HLI,-1,-1;P3HLINHE "P3HLINHE" true true false 4 Long 0 0,First,#,Hexa_ConDatos9n_SJ_COMPLETO_1,P3HLINHE,-1,-1;PHOG_IND "PHOG_IND" true true false 4 Long 0 0,First,#,Hexa_ConDatos9n_SJ_COMPLETO_1,PHOG_IND,-1,-1;POB_AFRO "POB_AFRO" true true false 4 Long 0 0,First,#,Hexa_ConDatos9n_SJ_COMPLETO_1,POB_AFRO,-1,-1;PCON_DISC "PCON_DISC" true true false 4 Long 0 0,First,#,Hexa_ConDatos9n_SJ_COMPLETO_1,PCON_DISC,-1,-1;PCLIM_PMEN "PCLIM_PMEN" true true false 4 Long 0 0,First,#,Hexa_ConDatos9n_SJ_COMPLETO_1,PCLIM_PMEN,-1,-1;P15YM_AN "P15YM_AN" true true false 4 Long 0 0,First,#,Hexa_ConDatos9n_SJ_COMPLETO_1,P15YM_AN,-1,-1;GRAPROES "GRAPROES" true true false 8 Double 0 0,First,#,Hexa_ConDatos9n_SJ_COMPLETO_1,GRAPROES,-1,-1;PEA "PEA" true true false 4 Long 0 0,First,#,Hexa_ConDatos9n_SJ_COMPLETO_1,PEA,-1,-1;PE_INAC "PE_INAC" true true false 4 Long 0 0,First,#,Hexa_ConDatos9n_SJ_COMPLETO_1,PE_INAC,-1,-1;POCUPADA "POCUPADA" true true false 4 Long 0 0,First,#,Hexa_ConDatos9n_SJ_COMPLETO_1,POCUPADA,-1,-1;PDESOCUP "PDESOCUP" true true false 4 Long 0 0,First,#,Hexa_ConDatos9n_SJ_COMPLETO_1,PDESOCUP,-1,-1;PSINDER "PSINDER" true true false 4 Long 0 0,First,#,Hexa_ConDatos9n_SJ_COMPLETO_1,PSINDER,-1,-1;TVIVHAB "TVIVHAB" true true false 4 Long 0 0,First,#,Hexa_ConDatos9n_SJ_COMPLETO_1,TVIVHAB,-1,-1;TVIVPARHAB "TVIVPARHAB" true true false 4 Long 0 0,First,#,Hexa_ConDatos9n_SJ_COMPLETO_1,TVIVPARHAB,-1,-1;VIVNOHAB "VIVNOHAB" true true false 4 Long 0 0,First,#,Hexa_ConDatos9n_SJ_COMPLETO_1,VIVNOHAB,-1,-1;PROM_OCUP "PROM_OCUP" true true false 8 Double 0 0,First,#,Hexa_ConDatos9n_SJ_COMPLETO_1,PROM_OCUP,-1,-1;VPH_PISOTI "VPH_PISOTI" true true false 4 Long 0 0,First,#,Hexa_ConDatos9n_SJ_COMPLETO_1,VPH_PISOTI,-1,-1;VPH_S_ELEC "VPH_S_ELEC" true true false 4 Long 0 0,First,#,Hexa_ConDatos9n_SJ_COMPLETO_1,VPH_S_ELEC,-1,-1;VPH_AGUAFV "VPH_AGUAFV" true true false 4 Long 0 0,First,#,Hexa_ConDatos9n_SJ_COMPLETO_1,VPH_AGUAFV,-1,-1;VPH_NODREN "VPH_NODREN" true true false 4 Long 0 0,First,#,Hexa_ConDatos9n_SJ_COMPLETO_1,VPH_NODREN,-1,-1;VPH_NDEAED "VPH_NDEAED" true true false 4 Long 0 0,First,#,Hexa_ConDatos9n_SJ_COMPLETO_1,VPH_NDEAED,-1,-1;VPH_SINLTC "VPH_SINLTC" true true false 4 Long 0 0,First,#,Hexa_ConDatos9n_SJ_COMPLETO_1,VPH_SINLTC,-1,-1;VPH_SINCIN "VPH_SINCIN" true true false 4 Long 0 0,First,#,Hexa_ConDatos9n_SJ_COMPLETO_1,VPH_SINCIN,-1,-1;Num "Num" true true false 4 Long 0 0,First,#,Hexa_ConDatos9n_SJ_COMPLETO_1,Num,-1,-1;ORIG_FID "ORIG_FID" true true false 4 Long 0 0,First,#,Hexa_ConDatos9n_SJ_COMPLETO_1,ORIG_FID,-1,-1;Shape_Leng "Shape_Length" false true true 8 Double 0 0,First,#,Hexa_ConDatos9n_SJ_COMPLETO_1,Shape_Length,-1,-1;Shape_Area "Shape_Area" false true true 8 Double 0 0,First,#,Hexa_ConDatos9n_SJ_COMPLETO_1,Shape_Area,-1,-1" #</Process></lineage><itemProps><itemName Sync="TRUE">CPV_n9_CDMX_Datos</itemName><imsContentType Sync="TRUE">002</imsContentType><itemLocation><linkage Sync="TRUE">file://\\GEOIIG045947D\D$\A2025\Proyecto_MallasHexagonales\CPV_9_cdmex\n9_Shape\CPV_n9_CDMX_Datos.shp</linkage><protocol Sync="TRUE">Local Area Network</protocol></itemLocation><itemSize Sync="TRUE">0.000</itemSize></itemProps><coordRef><type Sync="TRUE">Geographic</type><geogcsn Sync="TRUE">WGS84(DD)</geogcsn><csUnits Sync="TRUE">Angular Unit: degree (0.017453)</csUnits><peXml Sync="TRUE">&lt;GeographicCoordinateSystem xsi:type='typens:GeographicCoordinateSystem' xmlns:xsi='http://www.w3.org/2001/XMLSchema-instance' xmlns:xs='http://www.w3.org/2001/XMLSchema' xmlns:typens='http://www.esri.com/schemas/ArcGIS/2.6.0'&gt;&lt;WKT&gt;GEOGCS[&amp;quot;WGS84(DD)&amp;quot;,DATUM[&amp;quot;WGS84&amp;quot;,SPHEROID[&amp;quot;WGS84&amp;quot;,6378137.0,298.257223563]],PRIMEM[&amp;quot;Greenwich&amp;quot;,0.0],UNIT[&amp;quot;degree&amp;quot;,0.0174532925199433]]&lt;/WKT&gt;&lt;XOrigin&gt;-400&lt;/XOrigin&gt;&lt;YOrigin&gt;-400&lt;/YOrigin&gt;&lt;XYScale&gt;11258999068426.238&lt;/XYScale&gt;&lt;ZOrigin&gt;-100000&lt;/ZOrigin&gt;&lt;ZScale&gt;10000&lt;/ZScale&gt;&lt;MOrigin&gt;-100000&lt;/MOrigin&gt;&lt;MScale&gt;10000&lt;/MScale&gt;&lt;XYTolerance&gt;8.983152841195215e-09&lt;/XYTolerance&gt;&lt;ZTolerance&gt;0.001&lt;/ZTolerance&gt;&lt;MTolerance&gt;0.001&lt;/MTolerance&gt;&lt;HighPrecision&gt;true&lt;/HighPrecision&gt;&lt;LeftLongitude&gt;-180&lt;/LeftLongitude&gt;&lt;/GeographicCoordinateSystem&gt;</peXml></coordRef><LayerFile>{"type":"CIMLayerDocument","version":"2.6.0","build":24783,"layers":["CIMPATH=map/cpv_n9_cdmx_datos.xml"],"layerDefinitions":[{"type":"CIMFeatureLayer","name":"CPV_n9_CDMX_Datos","uRI":"CIMPATH=map/cpv_n9_cdmx_datos.xml","sourceModifiedTime":{"type":"TimeInstant"},"useSourceMetadata":true,"description":"CPV_n9_CDMX_Datos","layerElevation":{"type":"CIMLayerElevationSurface","mapElevationID":"{CCA9B4E0-B9BC-4707-9632-1F8BA584195C}"},"expanded":true,"layerType":"Operational","showLegends":true,"visibility":true,"displayCacheType":"Permanent","maxDisplayCacheAge":5,"showPopups":true,"serviceLayerID":-1,"refreshRate":-1,"refreshRateUnit":"esriTimeUnitsSeconds","autoGenerateFeatureTemplates":true,"featureElevationExpression":"0","featureTable":{"type":"CIMFeatureTable","displayField":"Join_Count","editable":true,"dataConnection":{"type":"CIMStandardDataConnection","workspaceConnectionString":"DATABASE=D:\\A2025\\Proyecto_MallasHexagonales\\CPV_9_cdmex\\n9_Shape","workspaceFactory":"Shapefile","dataset":"CPV_n9_CDMX_Datos","datasetType":"esriDTFeatureClass"},"studyAreaSpatialRel":"esriSpatialRelUndefined","searchOrder":"esriSearchOrderSpatial"},"htmlPopupEnabled":true,"selectable":true,"featureCacheType":"Session","displayFiltersType":"ByScale","labelClasses":[{"type":"CIMLabelClass","expression":"$feature.Shape_Length","expressionEngine":"Arcade","featuresToLabel":"AllVisibleFeatures","maplexLabelPlacementProperties":{"type":"CIMMaplexLabelPlacementProperties","featureType":"Polygon","avoidPolygonHoles":true,"canOverrunFeature":true,"canPlaceLabelOutsidePolygon":true,"canRemoveOverlappingLabel":true,"canStackLabel":true,"connectionType":"Unambiguous","constrainOffset":"NoConstraint","contourAlignmentType":"Page","contourLadderType":"Straight","contourMaximumAngle":90,"enableConnection":true,"featureWeight":0,"fontHeightReductionLimit":4,"fontHeightReductionStep":0.5,"fontWidthReductionLimit":90,"fontWidthReductionStep":5,"graticuleAlignmentType":"Straight","keyNumberGroupName":"Default","labelBuffer":15,"labelLargestPolygon":true,"labelPriority":-1,"labelStackingProperties":{"type":"CIMMaplexLabelStackingProperties","stackAlignment":"ChooseBest","maximumNumberOfLines":3,"minimumNumberOfCharsPerLine":3,"maximumNumberOfCharsPerLine":24,"separators":[{"type":"CIMMaplexStackingSeparator","separator":" ","splitAfter":true},{"type":"CIMMaplexStackingSeparator","separator":",","visible":true,"splitAfter":true}]},"lineFeatureType":"General","linePlacementMethod":"OffsetCurvedFromLine","maximumLabelOverrun":80,"maximumLabelOverrunUnit":"Point","minimumFeatureSizeUnit":"Map","multiPartOption":"OneLabelPerPart","offsetAlongLineProperties":{"type":"CIMMaplexOffsetAlongLineProperties","placementMethod":"BestPositionAlongLine","labelAnchorPoint":"CenterOfLabel","distanceUnit":"Percentage","useLineDirection":true},"pointExternalZonePriorities":{"type":"CIMMaplexExternalZonePriorities","aboveLeft":4,"aboveCenter":2,"aboveRight":1,"centerRight":3,"belowRight":5,"belowCenter":7,"belowLeft":8,"centerLeft":6},"pointPlacementMethod":"AroundPoint","polygonAnchorPointType":"GeometricCenter","polygonBoundaryWeight":0,"polygonExternalZones":{"type":"CIMMaplexExternalZonePriorities","aboveLeft":4,"aboveCenter":2,"aboveRight":1,"centerRight":3,"belowRight":5,"belowCenter":7,"belowLeft":8,"centerLeft":6},"polygonFeatureType":"General","polygonInternalZones":{"type":"CIMMaplexInternalZonePriorities","center":1},"polygonPlacementMethod":"HorizontalInPolygon","primaryOffset":1,"primaryOffsetUnit":"Point","removeExtraWhiteSpace":true,"repetitionIntervalUnit":"Point","rotationProperties":{"type":"CIMMaplexRotationProperties","rotationType":"Arithmetic","alignmentType":"Straight"},"secondaryOffset":100,"strategyPriorities":{"type":"CIMMaplexStrategyPriorities","stacking":1,"overrun":2,"fontCompression":3,"fontReduction":4,"abbreviation":5},"thinningDistanceUnit":"Point","truncationMarkerCharacter":".","truncationMinimumLength":1,"truncationPreferredCharacters":"aeiou","truncationExcludedCharacters":"0123456789"},"name":"Class 1","priority":-1,"standardLabelPlacementProperties":{"type":"CIMStandardLabelPlacementProperties","featureType":"Line","featureWeight":"Low","labelWeight":"High","numLabelsOption":"OneLabelPerName","lineLabelPosition":{"type":"CIMStandardLineLabelPosition","above":true,"inLine":true,"parallel":true},"lineLabelPriorities":{"type":"CIMStandardLineLabelPriorities","aboveStart":3,"aboveAlong":3,"aboveEnd":3,"centerStart":3,"centerAlong":3,"centerEnd":3,"belowStart":3,"belowAlong":3,"belowEnd":3},"pointPlacementMethod":"AroundPoint","pointPlacementPriorities":{"type":"CIMStandardPointPlacementPriorities","aboveLeft":2,"aboveCenter":2,"aboveRight":1,"centerLeft":3,"centerRight":2,"belowLeft":3,"belowCenter":3,"belowRight":2},"rotationType":"Arithmetic","polygonPlacementMethod":"AlwaysHorizontal"},"textSymbol":{"type":"CIMSymbolReference","symbol":{"type":"CIMTextSymbol","blockProgression":"TTB","depth3D":1,"extrapolateBaselines":true,"fontEffects":"Normal","fontEncoding":"Unicode","fontFamilyName":"Tahoma","fontStyleName":"Regular","fontType":"Unspecified","haloSize":1,"height":10,"hinting":"Default","horizontalAlignment":"Left","kerning":true,"letterWidth":100,"ligatures":true,"lineGapType":"ExtraLeading","symbol":{"type":"CIMPolygonSymbol","symbolLayers":[{"type":"CIMSolidFill","enable":true,"color":{"type":"CIMRGBColor","values":[0,0,0,100]}}]},"textCase":"Normal","textDirection":"LTR","verticalAlignment":"Bottom","verticalGlyphOrientation":"Right","wordSpacing":100,"billboardMode3D":"FaceNearPlane"}},"useCodedValue":true,"visibility":true,"iD":-1}],"renderer":{"type":"CIMSimpleRenderer","patch":"Default","symbol":{"type":"CIMSymbolReference","symbol":{"type":"CIMPolygonSymbol","symbolLayers":[{"type":"CIMSolidStroke","enable":true,"capStyle":"Round","joinStyle":"Round","lineStyle3D":"Strip","miterLimit":10,"width":0.69999999999999996,"color":{"type":"CIMRGBColor","values":[110,110,110,100]}},{"type":"CIMSolidFill","enable":true,"color":{"type":"CIMRGBColor","values":[255,235,190,100]}}]}}},"scaleSymbols":true,"snappable":true}]}</LayerFile></DataProperties><SyncDate>20250221</SyncDate><SyncTime>14502900</SyncTime><ModDate>20250221</ModDate><ModTime>14502900</ModTime></Esri><dataIdInfo><envirDesc Sync="TRUE">Microsoft Windows 10 Version 10.0 (Build 19045) ; Esri ArcGIS 12.6.0.24783</envirDesc><dataLang><languageCode value="spa" Sync="TRUE"></languageCode><countryCode value="MEX" Sync="TRUE"></countryCode></dataLang><idCitation><resTitle Sync="TRUE">CPV_n9_CDMX_Datos</resTitle><presForm><PresFormCd value="005" Sync="TRUE"></PresFormCd></presForm></idCitation><spatRpType><SpatRepTypCd value="001" Sync="TRUE"></SpatRepTypCd></spatRpType></dataIdInfo><mdLang><languageCode value="spa" Sync="TRUE"></languageCode><countryCode value="MEX" Sync="TRUE"></countryCode></mdLang><distInfo><distFormat><formatName Sync="TRUE">Shapefile</formatName></distFormat><distTranOps><transSize Sync="TRUE">0.000</transSize></distTranOps></distInfo><mdHrLv><ScopeCd value="005" Sync="TRUE"></ScopeCd></mdHrLv><mdHrLvName Sync="TRUE">dataset</mdHrLvName><refSysInfo><RefSystem><refSysID><identCode code="0" Sync="TRUE"></identCode></refSysID></RefSystem></refSysInfo><spatRepInfo><VectSpatRep><geometObjs Name="CPV_n9_CDMX_Datos"><geoObjTyp><GeoObjTypCd value="002" Sync="TRUE"></GeoObjTypCd></geoObjTyp><geoObjCnt Sync="TRUE">0</geoObjCnt></geometObjs><topLvl><TopoLevCd value="001" Sync="TRUE"></TopoLevCd></topLvl></VectSpatRep></spatRepInfo><spdoinfo><ptvctinf><esriterm Name="CPV_n9_CDMX_Datos"><efeatyp Sync="TRUE">Simple</efeatyp><efeageom code="4" Sync="TRUE"></efeageom><esritopo Sync="TRUE">FALSE</esritopo><efeacnt Sync="TRUE">0</efeacnt><spindex Sync="TRUE">FALSE</spindex><linrefer Sync="TRUE">FALSE</linrefer></esriterm></ptvctinf></spdoinfo><eainfo><detailed Name="CPV_n9_CDMX_Datos"><enttyp><enttypl Sync="TRUE">CPV_n9_CDMX_Datos</enttypl><enttypt Sync="TRUE">Feature Class</enttypt><enttypc Sync="TRUE">0</enttypc></enttyp><attr><attrlabl Sync="TRUE">FID</attrlabl><attalias Sync="TRUE">FID</attalias><attrtype Sync="TRUE">OID</attrtype><attwidth Sync="TRUE">4</attwidth><atprecis Sync="TRUE">0</atprecis><attscale Sync="TRUE">0</attscale><attrdef Sync="TRUE">Internal feature number.</attrdef><attrdefs Sync="TRUE">Esri</attrdefs><attrdomv><udom Sync="TRUE">Sequential unique whole numbers that are automatically generated.</udom></attrdomv></attr><attr><attrlabl Sync="TRUE">Shape</attrlabl><attalias Sync="TRUE">Shape</attalias><attrtype Sync="TRUE">Geometry</attrtype><attwidth Sync="TRUE">0</attwidth><atprecis Sync="TRUE">0</atprecis><attscale Sync="TRUE">0</attscale><attrdef Sync="TRUE">Feature geometry.</attrdef><attrdefs Sync="TRUE">Esri</attrdefs><attrdomv><udom Sync="TRUE">Coordinates defining the features.</udom></attrdomv></attr><attr><attrlabl Sync="TRUE">Join_Count</attrlabl><attalias Sync="TRUE">Join_Count</attalias><attrtype Sync="TRUE">Integer</attrtype><attwidth Sync="TRUE">10</attwidth><atprecis Sync="TRUE">10</atprecis><attscale Sync="TRUE">0</attscale></attr><attr><attrlabl Sync="TRUE">TARGET_FID</attrlabl><attalias Sync="TRUE">TARGET_FID</attalias><attrtype Sync="TRUE">Integer</attrtype><attwidth Sync="TRUE">10</attwidth><atprecis Sync="TRUE">10</atprecis><attscale Sync="TRUE">0</attscale></attr><attr><attrlabl Sync="TRUE">JOIN_FID</attrlabl><attalias Sync="TRUE">JOIN_FID</attalias><attrtype Sync="TRUE">Integer</attrtype><attwidth Sync="TRUE">10</attwidth><atprecis Sync="TRUE">10</atprecis><attscale Sync="TRUE">0</attscale></attr><attr><attrlabl Sync="TRUE">ID</attrlabl><attalias Sync="TRUE">ID</attalias><attrtype Sync="TRUE">Integer</attrtype><attwidth Sync="TRUE">10</attwidth><atprecis Sync="TRUE">10</atprecis><attscale Sync="TRUE">0</attscale></attr><attr><attrlabl Sync="TRUE">CODIGO</attrlabl><attalias Sync="TRUE">CODIGO</attalias><attrtype Sync="TRUE">String</attrtype><attwidth Sync="TRUE">10</attwidth><atprecis Sync="TRUE">0</atprecis><attscale Sync="TRUE">0</attscale></attr><attr><attrlabl Sync="TRUE">POBTOT</attrlabl><attalias Sync="TRUE">POBTOT</attalias><attrtype Sync="TRUE">Integer</attrtype><attwidth Sync="TRUE">10</attwidth><atprecis Sync="TRUE">10</atprecis><attscale Sync="TRUE">0</attscale></attr><attr><attrlabl Sync="TRUE">P_0A2</attrlabl><attalias Sync="TRUE">P_0A2</attalias><attrtype Sync="TRUE">Integer</attrtype><attwidth Sync="TRUE">10</attwidth><atprecis Sync="TRUE">10</atprecis><attscale Sync="TRUE">0</attscale></attr><attr><attrlabl Sync="TRUE">POB0_14</attrlabl><attalias Sync="TRUE">POB0_14</attalias><attrtype Sync="TRUE">Integer</attrtype><attwidth Sync="TRUE">10</attwidth><atprecis Sync="TRUE">10</atprecis><attscale Sync="TRUE">0</attscale></attr><attr><attrlabl Sync="TRUE">P15A29A</attrlabl><attalias Sync="TRUE">P15A29A</attalias><attrtype Sync="TRUE">Integer</attrtype><attwidth Sync="TRUE">10</attwidth><atprecis Sync="TRUE">10</atprecis><attscale Sync="TRUE">0</attscale></attr><attr><attrlabl Sync="TRUE">P30A59A</attrlabl><attalias Sync="TRUE">P30A59A</attalias><attrtype Sync="TRUE">Integer</attrtype><attwidth Sync="TRUE">10</attwidth><atprecis Sync="TRUE">10</atprecis><attscale Sync="TRUE">0</attscale></attr><attr><attrlabl Sync="TRUE">P_3A5</attrlabl><attalias Sync="TRUE">P_3A5</attalias><attrtype Sync="TRUE">Integer</attrtype><attwidth Sync="TRUE">10</attwidth><atprecis Sync="TRUE">10</atprecis><attscale Sync="TRUE">0</attscale></attr><attr><attrlabl Sync="TRUE">P_6A11</attrlabl><attalias Sync="TRUE">P_6A11</attalias><attrtype Sync="TRUE">Integer</attrtype><attwidth Sync="TRUE">10</attwidth><atprecis Sync="TRUE">10</atprecis><attscale Sync="TRUE">0</attscale></attr><attr><attrlabl Sync="TRUE">P_12A14</attrlabl><attalias Sync="TRUE">P_12A14</attalias><attrtype Sync="TRUE">Integer</attrtype><attwidth Sync="TRUE">10</attwidth><atprecis Sync="TRUE">10</atprecis><attscale Sync="TRUE">0</attscale></attr><attr><attrlabl Sync="TRUE">P_15A17</attrlabl><attalias Sync="TRUE">P_15A17</attalias><attrtype Sync="TRUE">Integer</attrtype><attwidth Sync="TRUE">10</attwidth><atprecis Sync="TRUE">10</atprecis><attscale Sync="TRUE">0</attscale></attr><attr><attrlabl Sync="TRUE">P_18A24</attrlabl><attalias Sync="TRUE">P_18A24</attalias><attrtype Sync="TRUE">Integer</attrtype><attwidth Sync="TRUE">10</attwidth><atprecis Sync="TRUE">10</atprecis><attscale Sync="TRUE">0</attscale></attr><attr><attrlabl Sync="TRUE">P_60YMAS</attrlabl><attalias Sync="TRUE">P_60YMAS</attalias><attrtype Sync="TRUE">Integer</attrtype><attwidth Sync="TRUE">10</attwidth><atprecis Sync="TRUE">10</atprecis><attscale Sync="TRUE">0</attscale></attr><attr><attrlabl Sync="TRUE">REL_H_M</attrlabl><attalias Sync="TRUE">REL_H_M</attalias><attrtype Sync="TRUE">Double</attrtype><attwidth Sync="TRUE">19</attwidth><atprecis Sync="TRUE">0</atprecis><attscale Sync="TRUE">0</attscale></attr><attr><attrlabl Sync="TRUE">PNACOE</attrlabl><attalias Sync="TRUE">PNACOE</attalias><attrtype Sync="TRUE">Integer</attrtype><attwidth Sync="TRUE">10</attwidth><atprecis Sync="TRUE">10</atprecis><attscale Sync="TRUE">0</attscale></attr><attr><attrlabl Sync="TRUE">PNACOP</attrlabl><attalias Sync="TRUE">PNACOP</attalias><attrtype Sync="TRUE">Integer</attrtype><attwidth Sync="TRUE">10</attwidth><atprecis Sync="TRUE">10</atprecis><attscale Sync="TRUE">0</attscale></attr><attr><attrlabl Sync="TRUE">PRESOE15</attrlabl><attalias Sync="TRUE">PRESOE15</attalias><attrtype Sync="TRUE">Integer</attrtype><attwidth Sync="TRUE">10</attwidth><atprecis Sync="TRUE">10</atprecis><attscale Sync="TRUE">0</attscale></attr><attr><attrlabl Sync="TRUE">PRESOP2015</attrlabl><attalias Sync="TRUE">PRESOP2015</attalias><attrtype Sync="TRUE">Integer</attrtype><attwidth Sync="TRUE">10</attwidth><atprecis Sync="TRUE">10</atprecis><attscale Sync="TRUE">0</attscale></attr><attr><attrlabl Sync="TRUE">P3YM_HLI</attrlabl><attalias Sync="TRUE">P3YM_HLI</attalias><attrtype Sync="TRUE">Integer</attrtype><attwidth Sync="TRUE">10</attwidth><atprecis Sync="TRUE">10</atprecis><attscale Sync="TRUE">0</attscale></attr><attr><attrlabl Sync="TRUE">P3HLINHE</attrlabl><attalias Sync="TRUE">P3HLINHE</attalias><attrtype Sync="TRUE">Integer</attrtype><attwidth Sync="TRUE">10</attwidth><atprecis Sync="TRUE">10</atprecis><attscale Sync="TRUE">0</attscale></attr><attr><attrlabl Sync="TRUE">PHOG_IND</attrlabl><attalias Sync="TRUE">PHOG_IND</attalias><attrtype Sync="TRUE">Integer</attrtype><attwidth Sync="TRUE">10</attwidth><atprecis Sync="TRUE">10</atprecis><attscale Sync="TRUE">0</attscale></attr><attr><attrlabl Sync="TRUE">POB_AFRO</attrlabl><attalias Sync="TRUE">POB_AFRO</attalias><attrtype Sync="TRUE">Integer</attrtype><attwidth Sync="TRUE">10</attwidth><atprecis Sync="TRUE">10</atprecis><attscale Sync="TRUE">0</attscale></attr><attr><attrlabl Sync="TRUE">PCON_DISC</attrlabl><attalias Sync="TRUE">PCON_DISC</attalias><attrtype Sync="TRUE">Integer</attrtype><attwidth Sync="TRUE">10</attwidth><atprecis Sync="TRUE">10</atprecis><attscale Sync="TRUE">0</attscale></attr><attr><attrlabl Sync="TRUE">PCLIM_PMEN</attrlabl><attalias Sync="TRUE">PCLIM_PMEN</attalias><attrtype Sync="TRUE">Integer</attrtype><attwidth Sync="TRUE">10</attwidth><atprecis Sync="TRUE">10</atprecis><attscale Sync="TRUE">0</attscale></attr><attr><attrlabl Sync="TRUE">P15YM_AN</attrlabl><attalias Sync="TRUE">P15YM_AN</attalias><attrtype Sync="TRUE">Integer</attrtype><attwidth Sync="TRUE">10</attwidth><atprecis Sync="TRUE">10</atprecis><attscale Sync="TRUE">0</attscale></attr><attr><attrlabl Sync="TRUE">GRAPROES</attrlabl><attalias Sync="TRUE">GRAPROES</attalias><attrtype Sync="TRUE">Double</attrtype><attwidth Sync="TRUE">19</attwidth><atprecis Sync="TRUE">0</atprecis><attscale Sync="TRUE">0</attscale></attr><attr><attrlabl Sync="TRUE">PEA</attrlabl><attalias Sync="TRUE">PEA</attalias><attrtype Sync="TRUE">Integer</attrtype><attwidth Sync="TRUE">10</attwidth><atprecis Sync="TRUE">10</atprecis><attscale Sync="TRUE">0</attscale></attr><attr><attrlabl Sync="TRUE">PE_INAC</attrlabl><attalias Sync="TRUE">PE_INAC</attalias><attrtype Sync="TRUE">Integer</attrtype><attwidth Sync="TRUE">10</attwidth><atprecis Sync="TRUE">10</atprecis><attscale Sync="TRUE">0</attscale></attr><attr><attrlabl Sync="TRUE">POCUPADA</attrlabl><attalias Sync="TRUE">POCUPADA</attalias><attrtype Sync="TRUE">Integer</attrtype><attwidth Sync="TRUE">10</attwidth><atprecis Sync="TRUE">10</atprecis><attscale Sync="TRUE">0</attscale></attr><attr><attrlabl Sync="TRUE">PDESOCUP</attrlabl><attalias Sync="TRUE">PDESOCUP</attalias><attrtype Sync="TRUE">Integer</attrtype><attwidth Sync="TRUE">10</attwidth><atprecis Sync="TRUE">10</atprecis><attscale Sync="TRUE">0</attscale></attr><attr><attrlabl Sync="TRUE">PSINDER</attrlabl><attalias Sync="TRUE">PSINDER</attalias><attrtype Sync="TRUE">Integer</attrtype><attwidth Sync="TRUE">10</attwidth><atprecis Sync="TRUE">10</atprecis><attscale Sync="TRUE">0</attscale></attr><attr><attrlabl Sync="TRUE">TVIVHAB</attrlabl><attalias Sync="TRUE">TVIVHAB</attalias><attrtype Sync="TRUE">Integer</attrtype><attwidth Sync="TRUE">10</attwidth><atprecis Sync="TRUE">10</atprecis><attscale Sync="TRUE">0</attscale></attr><attr><attrlabl Sync="TRUE">TVIVPARHAB</attrlabl><attalias Sync="TRUE">TVIVPARHAB</attalias><attrtype Sync="TRUE">Integer</attrtype><attwidth Sync="TRUE">10</attwidth><atprecis Sync="TRUE">10</atprecis><attscale Sync="TRUE">0</attscale></attr><attr><attrlabl Sync="TRUE">VIVNOHAB</attrlabl><attalias Sync="TRUE">VIVNOHAB</attalias><attrtype Sync="TRUE">Integer</attrtype><attwidth Sync="TRUE">10</attwidth><atprecis Sync="TRUE">10</atprecis><attscale Sync="TRUE">0</attscale></attr><attr><attrlabl Sync="TRUE">PROM_OCUP</attrlabl><attalias Sync="TRUE">PROM_OCUP</attalias><attrtype Sync="TRUE">Double</attrtype><attwidth Sync="TRUE">19</attwidth><atprecis Sync="TRUE">0</atprecis><attscale Sync="TRUE">0</attscale></attr><attr><attrlabl Sync="TRUE">VPH_PISOTI</attrlabl><attalias Sync="TRUE">VPH_PISOTI</attalias><attrtype Sync="TRUE">Integer</attrtype><attwidth Sync="TRUE">10</attwidth><atprecis Sync="TRUE">10</atprecis><attscale Sync="TRUE">0</attscale></attr><attr><attrlabl Sync="TRUE">VPH_S_ELEC</attrlabl><attalias Sync="TRUE">VPH_S_ELEC</attalias><attrtype Sync="TRUE">Integer</attrtype><attwidth Sync="TRUE">10</attwidth><atprecis Sync="TRUE">10</atprecis><attscale Sync="TRUE">0</attscale></attr><attr><attrlabl Sync="TRUE">VPH_AGUAFV</attrlabl><attalias Sync="TRUE">VPH_AGUAFV</attalias><attrtype Sync="TRUE">Integer</attrtype><attwidth Sync="TRUE">10</attwidth><atprecis Sync="TRUE">10</atprecis><attscale Sync="TRUE">0</attscale></attr><attr><attrlabl Sync="TRUE">VPH_NODREN</attrlabl><attalias Sync="TRUE">VPH_NODREN</attalias><attrtype Sync="TRUE">Integer</attrtype><attwidth Sync="TRUE">10</attwidth><atprecis Sync="TRUE">10</atprecis><attscale Sync="TRUE">0</attscale></attr><attr><attrlabl Sync="TRUE">VPH_NDEAED</attrlabl><attalias Sync="TRUE">VPH_NDEAED</attalias><attrtype Sync="TRUE">Integer</attrtype><attwidth Sync="TRUE">10</attwidth><atprecis Sync="TRUE">10</atprecis><attscale Sync="TRUE">0</attscale></attr><attr><attrlabl Sync="TRUE">VPH_SINLTC</attrlabl><attalias Sync="TRUE">VPH_SINLTC</attalias><attrtype Sync="TRUE">Integer</attrtype><attwidth Sync="TRUE">10</attwidth><atprecis Sync="TRUE">10</atprecis><attscale Sync="TRUE">0</attscale></attr><attr><attrlabl Sync="TRUE">VPH_SINCIN</attrlabl><attalias Sync="TRUE">VPH_SINCIN</attalias><attrtype Sync="TRUE">Integer</attrtype><attwidth Sync="TRUE">10</attwidth><atprecis Sync="TRUE">10</atprecis><attscale Sync="TRUE">0</attscale></attr><attr><attrlabl Sync="TRUE">Num</attrlabl><attalias Sync="TRUE">Num</attalias><attrtype Sync="TRUE">Integer</attrtype><attwidth Sync="TRUE">10</attwidth><atprecis Sync="TRUE">10</atprecis><attscale Sync="TRUE">0</attscale></attr><attr><attrlabl Sync="TRUE">ORIG_FID</attrlabl><attalias Sync="TRUE">ORIG_FID</attalias><attrtype Sync="TRUE">Integer</attrtype><attwidth Sync="TRUE">10</attwidth><atprecis Sync="TRUE">10</atprecis><attscale Sync="TRUE">0</attscale></attr><attr><attrlabl Sync="TRUE">Shape_Leng</attrlabl><attalias Sync="TRUE">Shape_Leng</attalias><attrtype Sync="TRUE">Double</attrtype><attwidth Sync="TRUE">19</attwidth><atprecis Sync="TRUE">0</atprecis><attscale Sync="TRUE">0</attscale></attr><attr><attrlabl Sync="TRUE">Shape_Area</attrlabl><attalias Sync="TRUE">Shape_Area</attalias><attrtype Sync="TRUE">Double</attrtype><attwidth Sync="TRUE">19</attwidth><atprecis Sync="TRUE">0</atprecis><attscale Sync="TRUE">0</attscale><attrdef Sync="TRUE">Area of feature in internal units squared.</attrdef><attrdefs Sync="TRUE">Esri</attrdefs><attrdomv><udom Sync="TRUE">Positive real numbers that are automatically generated.</udom></attrdomv></attr></detailed></eainfo><mdDateSt Sync="TRUE">20250221</mdDateSt></metadata>
